Model,Accuracy,CV Accuracy,AUC
Decision Tree,Not available,Not available,Not available
Gaussian NB,0.8139334862385321,0.7123058542413381,0.9060025596633898
Bernoulli NB,0.7865538990825688,0.786236559139785,0.849224421654251
