Cluster_Label,Gender,Age,Academic Pressure,Work Pressure,CGPA,Study Satisfaction,Job Satisfaction,Have you ever had suicidal thoughts ?,Work/Study Hours,Family History of Mental Illness,City_freq,Profession_freq,Sleep Duration_'7-8 hours',Sleep Duration_'Less than 5 hours',Sleep Duration_'More than 8 hours',Sleep Duration_Others,Dietary Habits_Moderate,Dietary Habits_Others,Dietary Habits_Unhealthy,Degree_freq,Financial Stress_2.0,Financial Stress_3.0,Financial Stress_4.0,Financial Stress_5.0,Financial Stress_?,Combined_Stress_Index,Well_being_Index
Cluster 0,0.5618213135624953,0.031868792036200105,0.013708665691683317,0.0,0.003920535669467646,-0.0004708264499372818,0.0,0.6473451658803265,0.022103783794117742,0.4815397288998727,0.035861795081959094,0.9988889287122324,0.26424773459147755,0.30352729723657607,0.21160038942559725,0.0,0.35512618887141467,0.0,0.37441024488878905,0.07144792601838058,0.17643975136673407,0.18654983898749344,0.20931625851868493,0.24518834718789784,0.0,0.006854332845841658,-0.00023541322496864705
Cluster 1,0.2222222222222222,-1.2124074294386749,-0.4239474643635119,0.0,-0.932278549441896,0.5310535707995012,0.0,0.0,0.3172827287344086,0.8888888888888888,0.0381467808800162,0.9988889287122326,0.8888888888888888,0.0,0.0,0.0,0.0,0.0,0.1111111111111111,0.2179133364395541,0.0,0.0,0.0,0.0,0.0,-0.21197373218175594,0.2655267853997506
Noise,0.45615514333895446,-0.7084117143792684,-0.30547057232952957,0.0,-0.08120684539951349,0.006572014363261808,0.0,0.3102866779089376,-0.5001342281318016,0.5354131534569984,0.03623834283261102,0.9727836491018927,0.23693086003372682,0.17200674536256325,0.33136593591905567,0.01517706576728499,0.3684654300168634,0.01011804384485666,0.26728499156829677,0.18330787493458103,0.2942664418212479,0.2057335581787521,0.15598650927487354,0.14080944350758853,0.002529510961214165,-0.15273528616476478,0.003286007181630903
