Cluster_Label,Gender,Age,Academic Pressure,Work Pressure,CGPA,Study Satisfaction,Job Satisfaction,Have you ever had suicidal thoughts ?,Work/Study Hours,Family History of Mental Illness,City_freq,Profession_freq,Sleep Duration_'7-8 hours',Sleep Duration_'Less than 5 hours',Sleep Duration_'More than 8 hours',Sleep Duration_Others,Dietary Habits_Moderate,Dietary Habits_Others,Dietary Habits_Unhealthy,Degree_freq,Financial Stress_2.0,Financial Stress_3.0,Financial Stress_4.0,Financial Stress_5.0,Financial Stress_?,Combined_Stress_Index,Well_being_Index
Cluster 0,0.5571608265947888,-0.0010413922776036748,-5.899720409821942e-05,0.0,0.0007057862733267207,0.00017774075868634765,0.0,0.6326684636118598,0.0007554116754566197,0.4840251572327044,0.03588194338646911,0.9988889287122326,0.26343216531895775,0.2981132075471698,0.2167475292003594,0.0,0.35568733153638815,0.0,0.37009883198562443,0.0762765165102269,0.18159928122192273,0.18727762803234502,0.20711590296495958,0.24050314465408806,0.0,-2.949860204910971e-05,8.887037934316777e-05
Noise,0.5789473684210527,0.3812728963726566,0.021599963210973377,0.0,-0.2584013559909617,-0.06507416592695592,0.0,0.6842105263157895,-0.2765701298628831,0.4605263157894737,0.03463184681175355,0.5915091705824541,0.21052631578947367,0.19736842105263158,0.17105263157894737,0.23684210526315788,0.3157894736842105,0.15789473684210525,0.25,0.06656052697601855,0.10526315789473684,0.19736842105263158,0.15789473684210525,0.3026315789473684,0.039473684210526314,0.010799981605486689,-0.03253708296347797
