Cluster,Gender,Age,Academic Pressure,Work Pressure,CGPA,Study Satisfaction,Job Satisfaction,Have you ever had suicidal thoughts ?,Work/Study Hours,Family History of Mental Illness,City_freq,Profession_freq,Sleep Duration_'7-8 hours',Sleep Duration_'Less than 5 hours',Sleep Duration_'More than 8 hours',Sleep Duration_Others,Dietary Habits_Moderate,Dietary Habits_Others,Dietary Habits_Unhealthy,Degree_freq,Financial Stress_2.0,Financial Stress_3.0,Financial Stress_4.0,Financial Stress_5.0,Financial Stress_?,Combined_Stress_Index,Well_being_Index
0,0.5557330370164595,-0.1673183671900463,0.7430195244700029,0.0,0.013889892359868379,-0.37299753945883396,0.0,0.7687339398569345,0.19845494311331982,0.5003819709702063,0.035845474785332176,0.997709789625323,0.26439336065004515,0.31689700673657895,0.1994582957149802,0.0006250434057920689,0.33884297520661155,0.0002777970692409195,0.41718174873255087,0.0849762426927832,0.15889992360580596,0.18626293492603654,0.2250156260851448,0.29536773387040766,6.944926731022988e-05,0.37150976223500143,-0.18649876972941698
1,0.5588061027995852,0.17843409636864732,-0.7923817310652918,0.0,-0.014812661834523913,0.39777748264462665,0.0,0.4878536513109169,-0.2116392183297801,0.46644941490149605,0.03591379822635152,0.9978533459907505,0.26210931713820174,0.27751444230484373,0.23492815879129017,0.0006665679158643164,0.37342615908754256,0.0005925048141016146,0.3192119685972449,0.06694413815833622,0.20537698118797215,0.18841653088431343,0.18774996296844912,0.18234335653977188,0.00014812620352540364,-0.3961908655326459,0.19888874132231332
